Atom	Radius [Å]	Radius [cm]	θ [°]	Height [Å]	Height [cm]
3' -> 5'
Thymine
Sugar
C5	9.91	12.4	55.4	-3.19	11.0
O4	9.22	11.5	44.0	-1.86	12.7
C4	9.77	12.2	46.6	-3.13	11.1
C3	8.91	11.1	42.2	-4.17	9.8
C2	8.81	11.0	33.4	-3.50	10.6
C1	8.59	10.7	35.9	-2.04	12.5
Phosphate
O1	9.58	12.0	74.4	-2.87	11.4
O2	9.96	12.5	67.9	-5.10	8.6
O3	7.69	9.6	73.9	-4.53	9.3
P1	8.92	11.2	69.2	-4.06	9.9
O4	8.70	10.9	60.1	-3.33	10.8
Base
N1	7.16	9.0	36.1	-1.62	13.0
C6	6.55	8.2	46.4	-1.67	12.9
Me	4.98	6.2	65.7	-1.33	13.3
C5	5.30	6.6	49.3	-1.30	13.4
O4	3.30	4.1	35.5	-0.47	14.4
C4	4.48	5.6	36.4	-0.83	14.0
N3	5.39	6.7	24.3	-0.82	14.0
O2	7.56	9.5	19.0	-1.15	13.6
C2	6.71	8.4	26.0	-1.20	13.5

Cytosine
Sugar
C5	9.91	12.4	88.1	-0.63	14.2
O4	9.22	11.5	76.7	0.70	15.9
C4	9.77	12.2	79.3	-0.57	14.3
C3	8.91	11.1	74.9	-1.61	13.0
C2	8.81	11.0	66.1	-0.94	13.8
C1	8.59	10.7	68.6	0.52	15.7
Phosphate
O1	9.58	12.0	107.1	-0.31	14.6
O2	9.96	12.5	100.6	-2.54	11.8
O3	7.69	9.6	106.6	-1.97	12.5
P1	8.92	11.2	101.9	-1.50	13.1
O4	8.70	10.9	92.8	-0.77	14.0
Base
N1	7.16	9.0	68.8	0.94	16.2
C6	6.55	8.2	79.0	0.90	16.1
C5	5.28	6.6	81.8	1.27	16.6
N4	3.30	4.1	67.2	2.10	17.6
C4	4.57	5.7	68.2	1.72	17.2
N3	5.41	6.8	56.2	1.76	17.2
O2	7.61	9.5	51.9	1.39	16.7
C2	6.69	8.4	58.6	1.37	16.7

Cytosine
Sugar
C5	9.91	12.4	120.8	1.93	17.4
O4	9.22	11.5	109.4	3.26	19.1
C4	9.77	12.2	112.0	1.99	17.5
C3	8.91	11.1	107.6	0.95	16.2
C2	8.81	11.0	98.8	1.62	17.0
C1	8.59	10.7	101.3	3.08	18.9
Phosphate
O1	9.58	12.0	139.8	2.25	17.8
O2	9.96	12.5	133.3	0.02	15.0
O3	7.69	9.6	139.3	0.59	15.7
P1	8.92	11.2	134.6	1.06	16.3
O4	8.70	10.9	125.5	1.79	17.2
Base
N1	7.16	9.0	101.5	3.50	19.4
C6	6.55	8.2	111.7	3.46	19.3
C5	5.28	6.6	114.5	3.83	19.8
N4	3.30	4.1	99.9	4.66	20.8
C4	4.57	5.7	100.9	4.28	20.4
N3	5.41	6.8	88.9	4.32	20.4
O2	7.61	9.5	84.6	3.95	19.9
C2	6.69	8.4	91.3	3.93	19.9

Cytosine
Sugar
C5	9.91	12.4	153.5	4.49	20.6
O4	9.22	11.5	142.1	5.82	22.3
C4	9.77	12.2	144.7	4.55	20.7
C3	8.91	11.1	140.3	3.51	19.4
C2	8.81	11.0	131.5	4.18	20.2
C1	8.59	10.7	134.0	5.64	22.1
Phosphate
O1	9.58	12.0	172.5	4.81	21.0
O2	9.96	12.5	166.0	2.58	18.2
O3	7.69	9.6	172.0	3.15	18.9
P1	8.92	11.2	167.3	3.62	19.5
O4	8.70	10.9	158.2	4.35	20.4
Base
N1	7.16	9.0	134.2	6.06	22.6
C6	6.55	8.2	144.4	6.02	22.5
C5	5.28	6.6	147.2	6.39	23.0
N4	3.30	4.1	132.6	7.22	24.0
C4	4.57	5.7	133.6	6.84	23.6
N3	5.41	6.8	121.6	6.88	23.6
O2	7.61	9.5	117.3	6.51	23.1
C2	6.69	8.4	124.0	6.49	23.1

Cytosine
Sugar
C5	9.91	12.4	186.2	7.05	23.8
O4	9.22	11.5	174.8	8.38	25.5
C4	9.77	12.2	177.4	7.11	23.9
C3	8.91	11.1	173.0	6.07	22.6
C2	8.81	11.0	164.2	6.74	23.4
C1	8.59	10.7	166.7	8.20	25.3
Phosphate
O1	9.58	12.0	205.2	7.37	24.2
O2	9.96	12.5	198.7	5.14	21.4
O3	7.69	9.6	204.7	5.71	22.1
P1	8.92	11.2	200.0	6.18	22.7
O4	8.70	10.9	190.9	6.91	23.6
Base
N1	7.16	9.0	166.9	8.62	25.8
C6	6.55	8.2	177.1	8.58	25.7
C5	5.28	6.6	179.9	8.95	26.2
N4	3.30	4.1	165.3	9.78	27.2
C4	4.57	5.7	166.3	9.40	26.8
N3	5.41	6.8	154.3	9.44	26.8
O2	7.61	9.5	150.0	9.07	26.3
C2	6.69	8.4	156.7	9.05	26.3

Guanine
Sugar
C5	9.91	12.4	218.9	9.61	27.0
O4	9.22	11.5	207.5	10.94	28.7
C4	9.77	12.2	210.1	9.67	27.1
C3	8.91	11.1	205.7	8.63	25.8
C2	8.81	11.0	196.9	9.30	26.6
C1	8.59	10.7	199.4	10.76	28.5
Phosphate
O1	9.58	12.0	237.9	9.93	27.4
O2	9.96	12.5	231.4	7.70	24.6
O3	7.69	9.6	237.4	8.27	25.3
P1	8.92	11.2	232.7	8.74	25.9
O4	8.70	10.9	223.6	9.47	26.8
Base
N9	7.16	9.0	199.6	11.18	29.0
C8	6.38	8.0	209.2	11.20	29.0
N7	5.14	6.4	208.1	11.63	29.5
C5	5.20	6.5	192.9	11.90	29.9
O6	3.27	4.1	176.7	12.69	30.9
C6	4.44	5.6	179.9	12.39	30.5
N1	5.46	6.8	168.8	12.53	30.7
N2	7.71	9.6	164.2	12.43	30.5
C2	6.78	8.5	171.6	12.23	30.3
N3	7.30	9.1	180.9	11.77	29.7
C4	6.52	8.1	190.1	11.63	29.5

Guanine
Sugar
C5	9.91	12.4	251.6	12.17	30.2
O4	9.22	11.5	240.2	13.50	31.9
C4	9.77	12.2	242.8	12.23	30.3
C3	8.91	11.1	238.4	11.19	29.0
C2	8.81	11.0	229.6	11.86	29.8
C1	8.59	10.7	232.1	13.32	31.7
Phosphate
O1	9.58	12.0	270.6	12.49	30.6
O2	9.96	12.5	264.1	10.26	27.8
O3	7.69	9.6	270.1	10.83	28.5
P1	8.92	11.2	265.4	11.30	29.1
O4	8.70	10.9	256.3	12.03	30.0
Base
N9	7.16	9.0	232.3	13.74	32.2
C8	6.38	8.0	241.9	13.76	32.2
N7	5.14	6.4	240.8	14.19	32.7
C5	5.20	6.5	225.6	14.46	33.1
O6	3.27	4.1	209.4	15.25	34.1
C6	4.44	5.6	212.6	14.95	33.7
N1	5.46	6.8	201.5	15.09	33.9
N2	7.71	9.6	196.9	14.99	33.7
C2	6.78	8.5	204.3	14.79	33.5
N3	7.30	9.1	213.6	14.33	32.9
C4	6.52	8.1	222.8	14.19	32.7

Guanine
Sugar
C5	9.91	12.4	284.3	14.73	33.4
O4	9.22	11.5	272.9	16.06	35.1
C4	9.77	12.2	275.5	14.79	33.5
C3	8.91	11.1	271.1	13.75	32.2
C2	8.81	11.0	262.3	14.42	33.0
C1	8.59	10.7	264.8	15.88	34.9
Phosphate
O1	9.58	12.0	303.3	15.05	33.8
O2	9.96	12.5	296.8	12.82	31.0
O3	7.69	9.6	302.8	13.39	31.7
P1	8.92	11.2	298.1	13.86	32.3
O4	8.70	10.9	289.0	14.59	33.2
Base
N9	7.16	9.0	265.0	16.30	35.4
C8	6.38	8.0	274.6	16.32	35.4
N7	5.14	6.4	273.5	16.75	35.9
C5	5.20	6.5	258.3	17.02	36.3
O6	3.27	4.1	242.1	17.81	37.3
C6	4.44	5.6	245.3	17.51	36.9
N1	5.46	6.8	234.2	17.65	37.1
N2	7.71	9.6	229.6	17.55	36.9
C2	6.78	8.5	237.0	17.35	36.7
N3	7.30	9.1	246.3	16.89	36.1
C4	6.52	8.1	255.5	16.75	35.9

Guanine
Sugar
C5	9.91	12.4	317.0	17.29	36.6
O4	9.22	11.5	305.6	18.62	38.3
C4	9.77	12.2	308.2	17.35	36.7
C3	8.91	11.1	303.8	16.31	35.4
C2	8.81	11.0	295.0	16.98	36.2
C1	8.59	10.7	297.5	18.44	38.1
Phosphate
O1	9.58	12.0	336.0	17.61	37.0
O2	9.96	12.5	329.5	15.38	34.2
O3	7.69	9.6	335.5	15.95	34.9
P1	8.92	11.2	330.8	16.42	35.5
O4	8.70	10.9	321.7	17.15	36.4
Base
N9	7.16	9.0	297.7	18.86	38.6
C8	6.38	8.0	307.3	18.88	38.6
N7	5.14	6.4	306.2	19.31	39.1
C5	5.20	6.5	291.0	19.58	39.5
O6	3.27	4.1	274.8	20.37	40.5
C6	4.44	5.6	278.0	20.07	40.1
N1	5.46	6.8	266.9	20.21	40.3
N2	7.71	9.6	262.3	20.11	40.1
C2	6.78	8.5	269.7	19.91	39.9
N3	7.30	9.1	279.0	19.45	39.3
C4	6.52	8.1	288.2	19.31	39.1

Adenine
Sugar
C5	9.91	12.4	349.7	19.85	39.8
O4	9.22	11.5	338.3	21.18	41.5
C4	9.77	12.2	340.9	19.91	39.9
C3	8.91	11.1	336.5	18.87	38.6
C2	8.81	11.0	327.7	19.54	39.4
C1	8.59	10.7	330.2	21.00	41.3
Phosphate
O1	9.58	12.0	8.7	20.17	40.2
O2	9.96	12.5	2.2	17.94	37.4
O3	7.69	9.6	8.2	18.51	38.1
P1	8.92	11.2	3.5	18.98	38.7
O4	8.70	10.9	354.4	19.71	39.6
Base
N9	7.16	9.0	330.4	21.42	41.8
C8	6.40	8.0	340.0	21.43	41.8
N7	5.18	6.5	339.1	21.85	42.3
C5	5.22	6.5	324.1	22.13	42.7
N6	3.19	4.0	309.1	22.91	43.6
C6	4.49	5.6	311.0	22.61	43.3
N1	5.40	6.8	299.6	22.78	43.5
C2	6.65	8.3	302.7	22.48	43.1
N3	7.25	9.1	311.6	22.02	42.5
C4	6.52	8.1	321.0	21.87	42.3

5' -> 3'
Adenine
Sugar
C5	9.91	12.4	304.6	3.19	19.0
O4	9.22	11.5	316.0	1.86	17.3
C4	9.77	12.2	313.4	3.13	18.9
C3	8.91	11.1	317.8	4.17	20.2
C2	8.81	11.0	326.6	3.50	19.4
C1	8.59	10.7	324.1	2.04	17.6
Phosphate
O1	9.58	12.0	285.6	2.87	18.6
O2	9.96	12.5	292.1	5.10	21.4
O3	7.69	9.6	286.1	4.53	20.7
P1	8.92	11.2	290.8	4.06	20.1
O4	8.70	10.9	299.9	3.33	19.2
Base
N9	7.16	9.0	323.9	1.62	17.0
C8	6.40	8.0	314.3	1.61	17.0
N7	5.18	6.5	315.2	1.19	16.5
C5	5.22	6.5	330.2	0.91	16.1
N6	3.19	4.0	345.2	0.13	15.2
C6	4.49	5.6	343.3	0.43	15.5
N1	5.40	6.8	354.7	0.26	15.3
C2	6.65	8.3	351.6	0.56	15.7
N3	7.25	9.1	342.7	1.02	16.3
C4	6.52	8.1	333.3	1.17	16.5

Guanine
Sugar
C5	9.91	12.4	337.3	5.75	22.2
O4	9.22	11.5	348.7	4.42	20.5
C4	9.77	12.2	346.1	5.69	22.1
C3	8.91	11.1	350.5	6.73	23.4
C2	8.81	11.0	359.3	6.06	22.6
C1	8.59	10.7	356.8	4.60	20.8
Phosphate
O1	9.58	12.0	318.3	5.43	21.8
O2	9.96	12.5	324.8	7.66	24.6
O3	7.69	9.6	318.8	7.09	23.9
P1	8.92	11.2	323.5	6.62	23.3
O4	8.70	10.9	332.6	5.89	22.4
Base
N9	7.16	9.0	356.6	4.18	20.2
C8	6.38	8.0	347.0	4.16	20.2
N7	5.14	6.4	348.1	3.73	19.7
C5	5.20	6.5	3.3	3.46	19.3
O6	3.27	4.1	19.5	2.67	18.3
C6	4.44	5.6	16.3	2.97	18.7
N1	5.46	6.8	27.4	2.83	18.5
N2	7.71	9.6	32.0	2.93	18.7
C2	6.78	8.5	24.6	3.13	18.9
N3	7.30	9.1	15.3	3.59	19.5
C4	6.52	8.1	6.1	3.73	19.7

Guanine
Sugar
C5	9.91	12.4	10.0	8.31	25.4
O4	9.22	11.5	21.4	6.98	23.7
C4	9.77	12.2	18.8	8.25	25.3
C3	8.91	11.1	23.2	9.29	26.6
C2	8.81	11.0	32.0	8.62	25.8
C1	8.59	10.7	29.5	7.16	24.0
Phosphate
O1	9.58	12.0	351.0	7.99	25.0
O2	9.96	12.5	357.5	10.22	27.8
O3	7.69	9.6	351.5	9.65	27.1
P1	8.92	11.2	356.2	9.18	26.5
O4	8.70	10.9	5.3	8.45	25.6
Base
N9	7.16	9.0	29.3	6.74	23.4
C8	6.38	8.0	19.7	6.72	23.4
N7	5.14	6.4	20.8	6.29	22.9
C5	5.20	6.5	36.0	6.02	22.5
O6	3.27	4.1	52.2	5.23	21.5
C6	4.44	5.6	49.0	5.53	21.9
N1	5.46	6.8	60.1	5.39	21.7
N2	7.71	9.6	64.7	5.49	21.9
C2	6.78	8.5	57.3	5.69	22.1
N3	7.30	9.1	48.0	6.15	22.7
C4	6.52	8.1	38.8	6.29	22.9

Guanine
Sugar
C5	9.91	12.4	42.7	10.87	28.6
O4	9.22	11.5	54.1	9.54	26.9
C4	9.77	12.2	51.5	10.81	28.5
C3	8.91	11.1	55.9	11.85	29.8
C2	8.81	11.0	64.7	11.18	29.0
C1	8.59	10.7	62.2	9.72	27.2
Phosphate
O1	9.58	12.0	23.7	10.55	28.2
O2	9.96	12.5	30.2	12.78	31.0
O3	7.69	9.6	24.2	12.21	30.3
P1	8.92	11.2	28.9	11.74	29.7
O4	8.70	10.9	38.0	11.01	28.8
Base
N9	7.16	9.0	62.0	9.30	26.6
C8	6.38	8.0	52.4	9.28	26.6
N7	5.14	6.4	53.5	8.85	26.1
C5	5.20	6.5	68.7	8.58	25.7
O6	3.27	4.1	84.9	7.79	24.7
C6	4.44	5.6	81.7	8.09	25.1
N1	5.46	6.8	92.8	7.95	24.9
N2	7.71	9.6	97.4	8.05	25.1
C2	6.78	8.5	90.0	8.25	25.3
N3	7.30	9.1	80.7	8.71	25.9
C4	6.52	8.1	71.5	8.85	26.1

Guanine
Sugar
C5	9.91	12.4	75.4	13.43	31.8
O4	9.22	11.5	86.8	12.10	30.1
C4	9.77	12.2	84.2	13.37	31.7
C3	8.91	11.1	88.6	14.41	33.0
C2	8.81	11.0	97.4	13.74	32.2
C1	8.59	10.7	94.9	12.28	30.4
Phosphate
O1	9.58	12.0	56.4	13.11	31.4
O2	9.96	12.5	62.9	15.34	34.2
O3	7.69	9.6	56.9	14.77	33.5
P1	8.92	11.2	61.6	14.30	32.9
O4	8.70	10.9	70.7	13.57	32.0
Base
N9	7.16	9.0	94.7	11.86	29.8
C8	6.38	8.0	85.1	11.84	29.8
N7	5.14	6.4	86.2	11.41	29.3
C5	5.20	6.5	101.4	11.14	28.9
O6	3.27	4.1	117.6	10.35	27.9
C6	4.44	5.6	114.4	10.65	28.3
N1	5.46	6.8	125.5	10.51	28.1
N2	7.71	9.6	130.1	10.61	28.3
C2	6.78	8.5	122.7	10.81	28.5
N3	7.30	9.1	113.4	11.27	29.1
C4	6.52	8.1	104.2	11.41	29.3

Cytosine
Sugar
C5	9.91	12.4	108.1	15.99	35.0
O4	9.22	11.5	119.5	14.66	33.3
C4	9.77	12.2	116.9	15.93	34.9
C3	8.91	11.1	121.3	16.97	36.2
C2	8.81	11.0	130.1	16.30	35.4
C1	8.59	10.7	127.6	14.84	33.6
Phosphate
O1	9.58	12.0	89.1	15.67	34.6
O2	9.96	12.5	95.6	17.90	37.4
O3	7.69	9.6	89.6	17.33	36.7
P1	8.92	11.2	94.3	16.86	36.1
O4	8.70	10.9	103.4	16.13	35.2
Base
N1	7.16	9.0	127.4	14.42	33.0
C6	6.55	8.2	117.2	14.46	33.1
C5	5.28	6.6	114.4	14.09	32.6
N4	3.30	4.1	129.0	13.26	31.6
C4	4.57	5.7	128.0	13.64	32.1
N3	5.41	6.8	140.0	13.60	32.0
O2	7.61	9.5	144.3	13.97	32.5
C2	6.69	8.4	137.6	13.99	32.5

Cytosine
Sugar
C5	9.91	12.4	140.8	18.55	38.2
O4	9.22	11.5	152.2	17.22	36.5
C4	9.77	12.2	149.6	18.49	38.1
C3	8.91	11.1	154.0	19.53	39.4
C2	8.81	11.0	162.8	18.86	38.6
C1	8.59	10.7	160.3	17.40	36.8
Phosphate
O1	9.58	12.0	121.8	18.23	37.8
O2	9.96	12.5	128.3	20.46	40.6
O3	7.69	9.6	122.3	19.89	39.9
P1	8.92	11.2	127.0	19.42	39.3
O4	8.70	10.9	136.1	18.69	38.4
Base
N1	7.16	9.0	160.1	16.98	36.2
C6	6.55	8.2	149.9	17.02	36.3
C5	5.28	6.6	147.1	16.65	35.8
N4	3.30	4.1	161.7	15.82	34.8
C4	4.57	5.7	160.7	16.20	35.3
N3	5.41	6.8	172.7	16.16	35.2
O2	7.61	9.5	177.0	16.53	35.7
C2	6.69	8.4	170.3	16.55	35.7

Cytosine
Sugar
C5	9.91	12.4	173.5	21.11	41.4
O4	9.22	11.5	184.9	19.78	39.7
C4	9.77	12.2	182.3	21.05	41.3
C3	8.91	11.1	186.7	22.09	42.6
C2	8.81	11.0	195.5	21.42	41.8
C1	8.59	10.7	193.0	19.96	40.0
Phosphate
O1	9.58	12.0	154.5	20.79	41.0
O2	9.96	12.5	161.0	23.02	43.8
O3	7.69	9.6	155.0	22.45	43.1
P1	8.92	11.2	159.7	21.98	42.5
O4	8.70	10.9	168.8	21.25	41.6
Base
N1	7.16	9.0	192.8	19.54	39.4
C6	6.55	8.2	182.6	19.58	39.5
C5	5.28	6.6	179.8	19.21	39.0
N4	3.30	4.1	194.4	18.38	38.0
C4	4.57	5.7	193.4	18.76	38.5
N3	5.41	6.8	205.4	18.72	38.4
O2	7.61	9.5	209.7	19.09	38.9
C2	6.69	8.4	203.0	19.11	38.9

Cytosine
Sugar
C5	9.91	12.4	206.2	23.67	44.6
O4	9.22	11.5	217.6	22.34	42.9
C4	9.77	12.2	215.0	23.61	44.5
C3	8.91	11.1	219.4	24.65	45.8
C2	8.81	11.0	228.2	23.98	45.0
C1	8.59	10.7	225.7	22.52	43.2
Phosphate
O1	9.58	12.0	187.2	23.35	44.2
O2	9.96	12.5	193.7	25.58	47.0
O3	7.69	9.6	187.7	25.01	46.3
P1	8.92	11.2	192.4	24.54	45.7
O4	8.70	10.9	201.5	23.81	44.8
Base
N1	7.16	9.0	225.5	22.10	42.6
C6	6.55	8.2	215.3	22.14	42.7
C5	5.28	6.6	212.5	21.77	42.2
N4	3.30	4.1	227.1	20.94	41.2
C4	4.57	5.7	226.1	21.32	41.7
N3	5.41	6.8	238.1	21.28	41.6
O2	7.61	9.5	242.4	21.65	42.1
C2	6.69	8.4	235.7	21.67	42.1

Thymine
Sugar
C5	9.91	12.4	238.9	26.23	47.8
O4	9.22	11.5	250.3	24.90	46.1
C4	9.77	12.2	247.7	26.17	47.7
C3	8.91	11.1	252.1	27.21	49.0
C2	8.81	11.0	260.9	26.54	48.2
C1	8.59	10.7	258.4	25.08	46.3
Phosphate
O1	9.58	12.0	219.9	25.91	47.4
O2	9.96	12.5	226.4	28.14	50.2
O3	7.69	9.6	220.4	27.57	49.5
P1	8.92	11.2	225.1	27.10	48.9
O4	8.70	10.9	234.2	26.37	48.0
Base
N1	7.16	9.0	258.2	24.66	45.8
C6	6.55	8.2	247.9	24.71	45.9
Me	4.98	6.2	228.6	24.37	45.5
C5	5.30	6.6	245.0	24.34	45.4
O4	3.30	4.1	258.8	23.51	44.4
C4	4.48	5.6	257.9	23.87	44.8
N3	5.39	6.7	270.0	23.86	44.8
O2	7.56	9.5	275.3	24.19	45.2
C2	6.71	8.4	268.3	24.24	45.3

